{
  "shape": [
    3,
    448,
    448
  ],
  "channel_0_first_100": [
    0.3211524,
    0.3211524,
    0.3211524,
    0.3211524,
    0.3211524,
    0.3211524,
    0.3211524,
    0.3211524,
    0.3211524,
    0.3211524,
    0.3211524,
    0.3211524,
    0.3211524,
    0.3211524,
    0.3211524,
    0.3211524,
    0.3211524,
    0.3211524,
    0.3211524,
    0.3211524,
    0.3211524,
    0.3211524,
    0.3211524,
    0.3211524,
    0.3211524,
    0.3211524,
    0.3211524,
    0.3211524,
    0.3211524,
    0.3211524,
    0.3211524,
    0.3211524,
    0.3211524,
    0.3211524,
    0.3211524,
    0.3211524,
    0.3211524,
    0.3211524,
    0.3211524,
    0.3211524,
    0.3211524,
    0.3211524,
    0.3211524,
    0.3211524,
    0.3211524,
    0.3211524,
    0.3211524,
    0.3211524,
    0.3211524,
    0.3211524,
    0.3211524,
    0.3211524,
    0.3211524,
    0.3211524,
    0.3211524,
    0.3211524,
    0.3211524,
    0.3211524,
    0.3211524,
    0.3211524,
    0.3211524,
    0.3211524,
    0.3211524,
    0.3211524,
    0.3211524,
    0.3211524,
    0.3211524,
    0.3211524,
    0.3211524,
    0.3211524,
    0.3211524,
    0.3211524,
    0.3211524,
    0.3211524,
    0.3211524,
    0.3211524,
    0.3211524,
    0.3211524,
    0.3211524,
    0.3211524,
    0.3211524,
    0.3211524,
    0.3211524,
    0.3211524,
    0.3211524,
    0.3211524,
    0.3211524,
    0.3211524,
    0.3211524,
    0.3211524,
    0.3211524,
    0.3211524,
    0.3211524,
    0.3211524,
    0.3211524,
    0.3211524,
    0.3211524,
    0.3211524,
    0.3211524,
    0.3211524
  ],
  "channel_1_first_100": [
    0.32024518,
    0.32024518,
    0.32024518,
    0.32024518,
    0.32024518,
    0.32024518,
    0.32024518,
    0.32024518,
    0.32024518,
    0.32024518,
    0.32024518,
    0.32024518,
    0.32024518,
    0.32024518,
    0.32024518,
    0.32024518,
    0.32024518,
    0.32024518,
    0.32024518,
    0.32024518,
    0.32024518,
    0.32024518,
    0.32024518,
    0.32024518,
    0.32024518,
    0.32024518,
    0.32024518,
    0.32024518,
    0.32024518,
    0.32024518,
    0.32024518,
    0.32024518,
    0.32024518,
    0.32024518,
    0.32024518,
    0.32024518,
    0.32024518,
    0.32024518,
    0.32024518,
    0.32024518,
    0.32024518,
    0.32024518,
    0.32024518,
    0.32024518,
    0.32024518,
    0.32024518,
    0.32024518,
    0.32024518,
    0.32024518,
    0.32024518,
    0.32024518,
    0.32024518,
    0.32024518,
    0.32024518,
    0.32024518,
    0.32024518,
    0.32024518,
    0.32024518,
    0.32024518,
    0.32024518,
    0.32024518,
    0.32024518,
    0.32024518,
    0.32024518,
    0.32024518,
    0.32024518,
    0.32024518,
    0.32024518,
    0.32024518,
    0.32024518,
    0.32024518,
    0.32024518,
    0.32024518,
    0.32024518,
    0.32024518,
    0.32024518,
    0.32024518,
    0.32024518,
    0.32024518,
    0.32024518,
    0.32024518,
    0.32024518,
    0.32024518,
    0.32024518,
    0.32024518,
    0.32024518,
    0.32024518,
    0.32024518,
    0.32024518,
    0.32024518,
    0.32024518,
    0.32024518,
    0.32024518,
    0.32024518,
    0.32024518,
    0.32024518,
    0.32024518,
    0.32024518,
    0.32024518,
    0.32024518
  ],
  "channel_2_first_100": [
    0.31828555,
    0.31828555,
    0.31828555,
    0.31828555,
    0.31828555,
    0.31828555,
    0.31828555,
    0.31828555,
    0.31828555,
    0.31828555,
    0.31828555,
    0.31828555,
    0.31828555,
    0.31828555,
    0.31828555,
    0.31828555,
    0.31828555,
    0.31828555,
    0.31828555,
    0.31828555,
    0.31828555,
    0.31828555,
    0.31828555,
    0.31828555,
    0.31828555,
    0.31828555,
    0.31828555,
    0.31828555,
    0.31828555,
    0.31828555,
    0.31828555,
    0.31828555,
    0.31828555,
    0.31828555,
    0.31828555,
    0.31828555,
    0.31828555,
    0.31828555,
    0.31828555,
    0.31828555,
    0.31828555,
    0.31828555,
    0.31828555,
    0.31828555,
    0.31828555,
    0.31828555,
    0.31828555,
    0.31828555,
    0.31828555,
    0.31828555,
    0.31828555,
    0.31828555,
    0.31828555,
    0.31828555,
    0.31828555,
    0.31828555,
    0.31828555,
    0.31828555,
    0.31828555,
    0.31828555,
    0.31828555,
    0.31828555,
    0.31828555,
    0.31828555,
    0.31828555,
    0.31828555,
    0.31828555,
    0.31828555,
    0.31828555,
    0.31828555,
    0.31828555,
    0.31828555,
    0.31828555,
    0.31828555,
    0.31828555,
    0.31828555,
    0.31828555,
    0.31828555,
    0.31828555,
    0.31828555,
    0.31828555,
    0.31828555,
    0.31828555,
    0.31828555,
    0.31828555,
    0.31828555,
    0.31828555,
    0.31828555,
    0.31828555,
    0.31828555,
    0.31828555,
    0.31828555,
    0.31828555,
    0.31828555,
    0.31828555,
    0.31828555,
    0.31828555,
    0.31828555,
    0.31828555,
    0.31828555
  ],
  "mean": [
    0.94247854,
    0.9425467,
    0.9429261
  ],
  "std": [
    0.17910956,
    0.17940404,
    0.17931662
  ]
}