{
  "fc_weight_shape": [
    13,
    512
  ],
  "fc_bias_shape": [
    13
  ],
  "end_token_weight_first_20": [
    0.071516104,
    0.027574701,
    0.042524137,
    0.05531603,
    0.1660421,
    0.073183864,
    0.06681113,
    0.06621235,
    -0.11501582,
    -0.39511597,
    -0.13689248,
    0.14244314,
    -0.0545508,
    -0.13423097,
    0.15922296,
    -0.023325635,
    0.10936332,
    -0.08815207,
    -0.17659117,
    -0.34080017
  ],
  "end_token_bias": -1.2578748,
  "all_biases": [
    -6.695371,
    -6.679508,
    -6.683565,
    -0.8905832,
    -0.07768056,
    0.7646461,
    -0.4816957,
    -1.2024351,
    -3.120121,
    -0.1462809,
    -1.2578748,
    -3.0660121,
    -2.7301443
  ]
}