{
  "vocab_size": 13,
  "embed_dim": 512,
  "start_token_first_20": [
    1.0730696,
    -0.9773521,
    -1.3196526,
    -0.40898243,
    0.38436127,
    -1.3281101,
    0.7298052,
    -1.5626106,
    0.57766527,
    -1.2817534,
    0.21559407,
    -0.51216525,
    0.5171558,
    -0.2813893,
    0.12113559,
    1.5705918,
    -0.1528555,
    -2.5207014,
    -0.31153005,
    -0.455405
  ],
  "end_token_first_20": [
    -0.06327448,
    0.0025569405,
    -0.080833495,
    0.022411924,
    -0.004055639,
    0.03252335,
    0.031444717,
    -0.1531607,
    -0.073214024,
    -0.013818624,
    -0.08710899,
    -0.04803107,
    -0.016662266,
    0.03283857,
    0.07445845,
    0.17705768,
    -0.013675274,
    -0.15975301,
    0.042819127,
    -0.38062134
  ],
  "ecel_token_first_20": [
    -0.4435167,
    -0.8122196,
    0.1389815,
    -0.85876966,
    -0.09463729,
    -0.25228113,
    -0.13077775,
    -0.8481112,
    -0.18284436,
    -0.53877157,
    0.07325709,
    -0.72629124,
    -0.3842775,
    0.5403623,
    0.122259416,
    -0.5809427,
    -0.16653438,
    -0.29373208,
    0.9952437,
    -0.81722194
  ]
}