{
  "vocab_size": 13,
  "embed_dim": 512,
  "start_token_first_20": [
    1.0730695724487305,
    -0.9773520827293396,
    -1.3196525573730469,
    -0.40898242592811584,
    0.38436126708984375,
    -1.3281100988388062,
    0.7298051714897156,
    -1.5626106262207031,
    0.5776652693748474,
    -1.281753420829773,
    0.2155940681695938,
    -0.5121652483940125,
    0.5171558260917664,
    -0.2813892960548401,
    0.12113559246063232,
    1.5705918073654175,
    -0.1528555005788803,
    -2.5207014083862305,
    -0.31153005361557007,
    -0.45540499687194824
  ],
  "end_token_first_20": [
    -0.06327448040246964,
    0.0025569405406713486,
    -0.08083349466323853,
    0.022411923855543137,
    -0.004055638797581196,
    0.032523348927497864,
    0.031444717198610306,
    -0.1531607061624527,
    -0.07321402430534363,
    -0.013818624429404736,
    -0.08710899204015732,
    -0.048031069338321686,
    -0.016662266105413437,
    0.032838571816682816,
    0.07445845007896423,
    0.177057683467865,
    -0.013675274327397346,
    -0.1597530096769333,
    0.042819127440452576,
    -0.3806213438510895
  ],
  "ecel_token_first_20": [
    -0.44351670145988464,
    -0.8122196197509766,
    0.13898150622844696,
    -0.8587696552276611,
    -0.09463728964328766,
    -0.252281129360199,
    -0.1307777464389801,
    -0.8481112122535706,
    -0.1828443557024002,
    -0.5387715697288513,
    0.07325708866119385,
    -0.7262912392616272,
    -0.38427749276161194,
    0.5403622984886169,
    0.12225941568613052,
    -0.580942690372467,
    -0.16653437912464142,
    -0.29373207688331604,
    0.9952437281608582,
    -0.8172219395637512
  ]
}