{
  "shape": [
    1,
    256,
    14,
    14
  ],
  "first_100_values": [
    1.4064432382583618,
    1.6516436338424683,
    1.7506561279296875,
    1.718242883682251,
    1.7165706157684326,
    1.7165706157684326,
    1.7253358364105225,
    1.919958472251892,
    1.9871656894683838,
    3.0306293964385986,
    2.7330751419067383,
    3.4579620361328125,
    2.5445289611816406,
    2.767380475997925,
    2.1620121002197266,
    2.3698363304138184,
    2.2270736694335938,
    2.1906137466430664,
    2.1917214393615723,
    2.1916556358337402,
    2.205829620361328,
    2.402055501937866,
    3.263014316558838,
    3.002521514892578,
    3.882599353790283,
    3.3403871059417725,
    2.1344122886657715,
    1.1923123598098755,
    2.123276710510254,
    2.0760421752929688,
    1.7050421237945557,
    1.6256592273712158,
    1.6249053478240967,
    1.6240718364715576,
    1.663933515548706,
    1.8255211114883423,
    1.6230149269104004,
    1.8661730289459229,
    3.1103622913360596,
    2.713881254196167,
    2.361884117126465,
    3.478769302368164,
    2.11586594581604,
    2.090240478515625,
    1.774333119392395,
    1.690028429031372,
    1.6899917125701904,
    1.6985359191894531,
    1.9169814586639404,
    2.396434783935547,
    1.9292837381362915,
    2.858358383178711,
    4.1340765953063965,
    3.1105382442474365,
    3.665950298309326,
    2.801326274871826,
    2.12007474899292,
    2.0759501457214355,
    1.7610942125320435,
    1.688084363937378,
    1.6897337436676025,
    1.7249763011932373,
    1.8983008861541748,
    2.103069305419922,
    2.761502265930176,
    1.5832916498184204,
    1.6457265615463257,
    2.360635995864868,
    1.8692107200622559,
    1.6456724405288696,
    2.2181553840637207,
    2.2584729194641113,
    1.9381853342056274,
    1.8356714248657227,
    1.8413163423538208,
    1.9004120826721191,
    1.9033942222595215,
    1.8089237213134766,
    2.7626564502716064,
    2.7273402214050293,
    2.851954936981201,
    2.962862730026245,
    4.363293170928955,
    3.2489588260650635,
    3.6572656631469727,
    3.261430263519287,
    2.8465607166290283,
    2.7396812438964844,
    2.588630199432373,
    2.644622802734375,
    2.700833559036255,
    2.8730294704437256,
    4.306622505187988,
    3.455317735671997,
    3.687413454055786,
    2.9468765258789062,
    4.523494720458984,
    4.74882173538208,
    2.7162837982177734,
    2.892564296722412
  ],
  "stats": {
    "min": 0.0,
    "max": 13.15143871307373,
    "mean": 1.5712027549743652,
    "std": 1.7777211666107178
  }
}