{
  "shape": [
    3,
    448,
    448
  ],
  "channel_0_first_100": [
    0.32115253806114197,
    0.32115253806114197,
    0.32115253806114197,
    0.32115253806114197,
    0.32115253806114197,
    0.32115253806114197,
    0.32115253806114197,
    0.32115253806114197,
    0.32115253806114197,
    0.32115253806114197,
    0.32115253806114197,
    0.32115253806114197,
    0.32115253806114197,
    0.32115253806114197,
    0.32115253806114197,
    0.32115253806114197,
    0.32115253806114197,
    0.32115253806114197,
    0.32115253806114197,
    0.32115253806114197,
    0.32115253806114197,
    0.32115253806114197,
    0.32115253806114197,
    0.32115253806114197,
    0.32115253806114197,
    0.32115253806114197,
    0.32115253806114197,
    0.32115253806114197,
    0.32115253806114197,
    0.32115253806114197,
    0.32115253806114197,
    0.32115253806114197,
    0.32115253806114197,
    0.32115253806114197,
    0.32115253806114197,
    0.32115253806114197,
    0.32115253806114197,
    0.32115253806114197,
    0.32115253806114197,
    0.32115253806114197,
    0.32115253806114197,
    0.32115253806114197,
    0.32115253806114197,
    0.32115253806114197,
    0.32115253806114197,
    0.32115253806114197,
    0.32115253806114197,
    0.32115253806114197,
    0.32115253806114197,
    0.32115253806114197,
    0.32115253806114197,
    0.32115253806114197,
    0.32115253806114197,
    0.32115253806114197,
    0.32115253806114197,
    0.32115253806114197,
    0.32115253806114197,
    0.32115253806114197,
    0.32115253806114197,
    0.32115253806114197,
    0.32115253806114197,
    0.32115253806114197,
    0.32115253806114197,
    0.32115253806114197,
    0.32115253806114197,
    0.32115253806114197,
    0.32115253806114197,
    0.32115253806114197,
    0.32115253806114197,
    0.32115253806114197,
    0.32115253806114197,
    0.32115253806114197,
    0.32115253806114197,
    0.32115253806114197,
    0.32115253806114197,
    0.32115253806114197,
    0.32115253806114197,
    0.32115253806114197,
    0.32115253806114197,
    0.32115253806114197,
    0.32115253806114197,
    0.32115253806114197,
    0.32115253806114197,
    0.32115253806114197,
    0.32115253806114197,
    0.32115253806114197,
    0.32115253806114197,
    0.32115253806114197,
    0.32115253806114197,
    0.32115253806114197,
    0.32115253806114197,
    0.32115253806114197,
    0.32115253806114197,
    0.32115253806114197,
    0.32115253806114197,
    0.32115253806114197,
    0.32115253806114197,
    0.32115253806114197,
    0.32115253806114197,
    0.32115253806114197
  ],
  "channel_1_first_100": [
    0.32024502754211426,
    0.32024502754211426,
    0.32024502754211426,
    0.32024502754211426,
    0.32024502754211426,
    0.32024502754211426,
    0.32024502754211426,
    0.32024502754211426,
    0.32024502754211426,
    0.32024502754211426,
    0.32024502754211426,
    0.32024502754211426,
    0.32024502754211426,
    0.32024502754211426,
    0.32024502754211426,
    0.32024502754211426,
    0.32024502754211426,
    0.32024502754211426,
    0.32024502754211426,
    0.32024502754211426,
    0.32024502754211426,
    0.32024502754211426,
    0.32024502754211426,
    0.32024502754211426,
    0.32024502754211426,
    0.32024502754211426,
    0.32024502754211426,
    0.32024502754211426,
    0.32024502754211426,
    0.32024502754211426,
    0.32024502754211426,
    0.32024502754211426,
    0.32024502754211426,
    0.32024502754211426,
    0.32024502754211426,
    0.32024502754211426,
    0.32024502754211426,
    0.32024502754211426,
    0.32024502754211426,
    0.32024502754211426,
    0.32024502754211426,
    0.32024502754211426,
    0.32024502754211426,
    0.32024502754211426,
    0.32024502754211426,
    0.32024502754211426,
    0.32024502754211426,
    0.32024502754211426,
    0.32024502754211426,
    0.32024502754211426,
    0.32024502754211426,
    0.32024502754211426,
    0.32024502754211426,
    0.32024502754211426,
    0.32024502754211426,
    0.32024502754211426,
    0.32024502754211426,
    0.32024502754211426,
    0.32024502754211426,
    0.32024502754211426,
    0.32024502754211426,
    0.32024502754211426,
    0.32024502754211426,
    0.32024502754211426,
    0.32024502754211426,
    0.32024502754211426,
    0.32024502754211426,
    0.32024502754211426,
    0.32024502754211426,
    0.32024502754211426,
    0.32024502754211426,
    0.32024502754211426,
    0.32024502754211426,
    0.32024502754211426,
    0.32024502754211426,
    0.32024502754211426,
    0.32024502754211426,
    0.32024502754211426,
    0.32024502754211426,
    0.32024502754211426,
    0.32024502754211426,
    0.32024502754211426,
    0.32024502754211426,
    0.32024502754211426,
    0.32024502754211426,
    0.32024502754211426,
    0.32024502754211426,
    0.32024502754211426,
    0.32024502754211426,
    0.32024502754211426,
    0.32024502754211426,
    0.32024502754211426,
    0.32024502754211426,
    0.32024502754211426,
    0.32024502754211426,
    0.32024502754211426,
    0.32024502754211426,
    0.32024502754211426,
    0.32024502754211426,
    0.32024502754211426
  ],
  "channel_2_first_100": [
    0.3182855248451233,
    0.3182855248451233,
    0.3182855248451233,
    0.3182855248451233,
    0.3182855248451233,
    0.3182855248451233,
    0.3182855248451233,
    0.3182855248451233,
    0.3182855248451233,
    0.3182855248451233,
    0.3182855248451233,
    0.3182855248451233,
    0.3182855248451233,
    0.3182855248451233,
    0.3182855248451233,
    0.3182855248451233,
    0.3182855248451233,
    0.3182855248451233,
    0.3182855248451233,
    0.3182855248451233,
    0.3182855248451233,
    0.3182855248451233,
    0.3182855248451233,
    0.3182855248451233,
    0.3182855248451233,
    0.3182855248451233,
    0.3182855248451233,
    0.3182855248451233,
    0.3182855248451233,
    0.3182855248451233,
    0.3182855248451233,
    0.3182855248451233,
    0.3182855248451233,
    0.3182855248451233,
    0.3182855248451233,
    0.3182855248451233,
    0.3182855248451233,
    0.3182855248451233,
    0.3182855248451233,
    0.3182855248451233,
    0.3182855248451233,
    0.3182855248451233,
    0.3182855248451233,
    0.3182855248451233,
    0.3182855248451233,
    0.3182855248451233,
    0.3182855248451233,
    0.3182855248451233,
    0.3182855248451233,
    0.3182855248451233,
    0.3182855248451233,
    0.3182855248451233,
    0.3182855248451233,
    0.3182855248451233,
    0.3182855248451233,
    0.3182855248451233,
    0.3182855248451233,
    0.3182855248451233,
    0.3182855248451233,
    0.3182855248451233,
    0.3182855248451233,
    0.3182855248451233,
    0.3182855248451233,
    0.3182855248451233,
    0.3182855248451233,
    0.3182855248451233,
    0.3182855248451233,
    0.3182855248451233,
    0.3182855248451233,
    0.3182855248451233,
    0.3182855248451233,
    0.3182855248451233,
    0.3182855248451233,
    0.3182855248451233,
    0.3182855248451233,
    0.3182855248451233,
    0.3182855248451233,
    0.3182855248451233,
    0.3182855248451233,
    0.3182855248451233,
    0.3182855248451233,
    0.3182855248451233,
    0.3182855248451233,
    0.3182855248451233,
    0.3182855248451233,
    0.3182855248451233,
    0.3182855248451233,
    0.3182855248451233,
    0.3182855248451233,
    0.3182855248451233,
    0.3182855248451233,
    0.3182855248451233,
    0.3182855248451233,
    0.3182855248451233,
    0.3182855248451233,
    0.3182855248451233,
    0.3182855248451233,
    0.3182855248451233,
    0.3182855248451233,
    0.3182855248451233
  ],
  "mean": [
    0.94247851,
    0.94254675,
    0.94292611
  ],
  "std": [
    0.17910956,
    0.17940403,
    0.17931663
  ]
}