{
  "python": {
    "page_width": 1275.0,
    "page_height": 1650.0
  },
  "dotnet": {
    "page_width": 1275.0,
    "page_height": 1650.0
  },
  "matches": {
    "count": 10,
    "mean": 0.8324396171499657,
    "median": 0.927767392653899,
    "min": 0.011777146784956123,
    "max": 0.9808612476873335
  },
  "python_count": 14,
  "dotnet_count": 14
}