{
  "time_ms": {
    "mean": 438.9378749999997,
    "median": 438.9378749999997,
    "p95": 438.9378749999997
  },
  "num_images": 1,
  "total_boxes": 12
}