filename,ms
2305.03393v1-pg9-img.png,438.9378749999997
