{
  "python": {
    "page_width": 1275.0,
    "page_height": 1650.0
  },
  "dotnet": {
    "page_width": 1414.0,
    "page_height": 1755.0
  },
  "matches": {
    "count": 12,
    "mean": 0.7313544784765004,
    "median": 0.831839954446114,
    "min": 0.010052297328737766,
    "max": 0.9812484375040395
  },
  "python_count": 14,
  "dotnet_count": 13
}
