{
  "test1_short_sequence": {
    "input_shape": [
      10,
      1,
      256
    ],
    "output_shape": [
      10,
      1,
      256
    ],
    "input_mean": 0.007701028138399124,
    "input_std": 0.9887264966964722,
    "output_mean": 0.4875120520591736,
    "output_std": 1.1304768323898315,
    "output_min": -4.0915985107421875,
    "output_max": 4.442705154418945,
    "input_sample": [
      [
        1.9269150495529175,
        1.4872841835021973,
        0.9007171988487244,
        -2.1055214405059814,
        0.6784184575080872
      ],
      [
        -0.6854815483093262,
        0.5635589957237244,
        -1.507175087928772,
        -1.610666036605835,
        -1.4790465831756592
      ],
      [
        -1.36376953125,
        0.19295759499073029,
        -0.6103342771530151,
        0.16323445737361908,
        1.51017165184021
      ],
      [
        0.34436318278312683,
        -3.1016061305999756,
        -1.4587225914001465,
        -1.4318257570266724,
        -0.6071268916130066
      ],
      [
        -1.2247875928878784,
        0.962885856628418,
        -1.5785412788391113,
        0.6715953946113586,
        -0.06015247851610184
      ]
    ],
    "output_sample": [
      [
        1.9269150495529175,
        2.4872841835021973,
        0.9007171988487244,
        -1.1055214405059814,
        0.6784184575080872
      ],
      [
        0.155989408493042,
        1.1038613319396973,
        -0.7052133083343506,
        -1.0132906436920166,
        -0.7173262238502502
      ],
      [
        -0.4544721245765686,
        -0.22318924963474274,
        0.3478100895881653,
        -0.12305097281932831,
        2.497217893600464
      ],
      [
        0.48548316955566406,
        -4.0915985107421875,
        -1.115940809249878,
        -2.3712408542633057,
        -0.0898209810256958
      ],
      [
        -1.9815900325775146,
        0.30924224853515625,
        -2.1271467208862305,
        -0.16448593139648438,
        -0.37686780095100403
      ]
    ]
  },
  "test2_zero_input": {
    "input_shape": [
      10,
      1,
      256
    ],
    "output_shape": [
      10,
      1,
      256
    ],
    "output_mean": 0.47981101274490356,
    "output_std": 0.5195063352584839,
    "output_min": -0.9999983906745911,
    "output_max": 1.0,
    "positional_encoding_sample": [
      [
        0.0,
        1.0,
        0.0,
        1.0,
        0.0,
        1.0,
        0.0,
        1.0,
        0.0,
        1.0
      ],
      [
        0.8414709568023682,
        0.5403023362159729,
        0.8019617795944214,
        0.5973753333091736,
        0.7617203593254089,
        0.6479058861732483,
        0.7214140892028809,
        0.6925039291381836,
        0.6815613508224487,
        0.7317609786987305
      ],
      [
        0.9092974066734314,
        -0.416146844625473,
        0.9581443667411804,
        -0.2862854301929474,
        0.9870462417602539,
        -0.16043590009212494,
        0.9991642236709595,
        -0.040876604616642,
        0.9974799752235413,
        0.07094826549291611
      ],
      [
        0.14112000167369843,
        -0.9899924993515015,
        0.34278184175491333,
        -0.9394150376319885,
        0.5173059105873108,
        -0.8558005690574646,
        0.6624361872673035,
        -0.7491183280944824,
        0.7782725095748901,
        -0.6279267072677612
      ],
      [
        -0.756802499294281,
        -0.6536436080932617,
        -0.5486055612564087,
        -0.836081326007843,
        -0.3167153298854828,
        -0.9485206604003906,
        -0.08168487995862961,
        -0.996658205986023,
        0.14153894782066345,
        -0.989932656288147
      ],
      [
        -0.9589242935180664,
        0.28366219997406006,
        -0.9982286691665649,
        -0.059493664652109146,
        -0.9277092814445496,
        -0.37330350279808044,
        -0.7755705118179321,
        -0.6312609314918518,
        -0.5711271166801453,
        -0.8208616375923157
      ],
      [
        -0.279415488243103,
        0.9601702690124512,
        -0.6440288424491882,
        0.7650012373924255,
        -0.8854213356971741,
        0.4647892117500305,
        -0.9924861788749695,
        0.1223566085100174,
        -0.9773961305618286,
        -0.21141617000102997
      ],
      [
        0.6569865942001343,
        0.7539022564888,
        0.2287748008966446,
        0.9734793901443481,
        -0.219630166888237,
        0.9755831956863403,
        -0.5990310311317444,
        0.8007258176803589,
        -0.8593134880065918,
        0.5114492774009705
      ],
      [
        0.9893582463264465,
        -0.1455000340938568,
        0.9173576831817627,
        0.39806389808654785,
        0.6008220314979553,
        0.7993828058242798,
        0.16282381117343903,
        0.9866551756858826,
        -0.2802280783653259,
        0.9599334597587585
      ],
      [
        0.41211849451065063,
        -0.9111302495002747,
        0.8672386407852173,
        -0.49789267778396606,
        0.9981823563575745,
        0.06026633083820343,
        0.8245431780815125,
        0.5657989978790283,
        0.4491935074329376,
        0.893434464931488
      ]
    ]
  },
  "test3_position_uniqueness": {
    "position_differences": [
      17.1383113861084,
      18.1149845123291,
      18.23337173461914,
      17.938867568969727
    ],
    "all_different": true
  },
  "test4_batch_consistency": {
    "batch_differences": [
      0.0,
      0.0,
      0.0
    ],
    "all_identical": true
  },
  "test5_long_sequence": {
    "input_shape": [
      500,
      2,
      256
    ],
    "output_shape": [
      500,
      2,
      256
    ],
    "output_mean": 0.2658977210521698,
    "output_std": 1.1961817741394043,
    "output_min": -5.351073265075684,
    "output_max": 5.427927017211914
  },
  "test6_deterministic": {
    "max_difference_between_runs": 0.0,
    "is_deterministic": true
  }
}